{"type":"Topology","transform":{"scale":[0.0007731827104424075,0.0006251121708444884],"translate":[-53.10786230670004,-25.2508705273529]},"arcs":[[[5157,7967],[69,185],[44,8],[61,-33],[18,-60],[8,-114],[4,-198],[81,-61],[43,69],[-11,127],[-15,70],[43,96],[-2,56],[43,29],[53,-3],[64,23],[32,-17],[89,-9],[58,48],[50,8],[82,-12],[51,20]],[[6022,8199],[27,-37],[89,0],[17,-59],[108,-35],[49,12],[13,-32],[80,-25],[8,-86],[-51,-82],[13,-79],[-42,-107],[-90,-22],[-4,-46],[-54,-52],[-53,8],[-5,-39],[65,-60],[-39,-92],[14,-76],[25,-51],[77,-20],[37,-131],[-11,-50],[43,-38]],[[6338,7000],[-102,-125],[-105,7],[-48,-107],[66,-105],[8,-75],[-50,-64],[-46,-8],[-9,-38],[-63,28],[-76,-10],[-58,32],[-5,-76],[-53,27],[-34,-23],[-71,6]],[[5692,6469],[-28,61],[114,48],[55,-7],[41,103],[-44,46],[-131,75],[-54,72],[-128,72],[-53,1],[-34,50],[-41,-4],[-55,57],[-50,-5],[-56,63],[-35,1],[-33,114],[-14,103],[9,126],[-47,36],[-57,70],[-7,103],[41,-13],[68,26],[13,47],[42,32],[7,84],[-19,29],[-4,78],[-35,30]],[[7456,5457],[42,-53],[42,-16],[-5,-61],[41,-71],[45,-20],[18,-90],[-42,-36],[52,-88],[3,-99],[-56,-62],[6,-71],[124,-70],[45,12],[29,-57],[-16,-92],[-60,-134]],[[7724,4449],[-23,-19],[-46,78],[-29,3],[-46,-100],[46,-71],[-104,-248],[-56,-32],[-32,39],[-103,-42],[-69,-62],[-42,-116],[8,-45],[70,-6],[48,-67],[40,-5],[12,-82],[-24,-18],[115,-104],[52,-64],[-30,-68]],[[7511,3420],[-125,-77],[-34,8],[15,59],[-116,40],[-79,5],[-59,-12],[-27,88],[-40,20],[0,54],[-53,126],[-58,-23],[-23,46],[-59,42]],[[6853,3796],[-46,-38],[-31,4],[3,62],[-65,-38],[-92,-6],[-57,100],[0,170],[-51,-27],[-35,76],[3,104],[-78,-23],[-74,36],[-44,59],[-16,61],[79,51],[34,52],[89,-53],[54,-6],[87,31],[1,26],[92,82],[-40,45],[6,124],[29,24],[27,119],[31,48],[-23,69]],[[6736,4948],[117,15],[29,57],[45,38],[10,55],[89,66],[23,-61],[72,-1],[74,114],[13,42],[82,63],[85,1],[24,103],[57,17]],[[9457,2508],[1,-52],[-61,-68]],[[9397,2388],[-141,-32],[-110,-55],[-52,-7],[-70,-46],[-13,-55],[-50,-71],[-15,-105],[-93,-17],[-20,-55]],[[8833,1945],[-51,17],[-6,78],[-47,9],[-76,-70],[-134,-58],[-131,-75],[-251,-168],[-147,-114],[-93,-97],[-20,-65],[17,-55],[-96,-57]],[[7798,1290],[-51,43],[-4,85],[98,48],[31,82],[-46,30],[34,66],[-37,19],[36,101],[69,42],[-1,92]],[[7927,1898],[55,50],[47,-21],[42,43],[-20,55],[69,60],[57,8],[40,-53],[52,-33],[40,22],[42,-30],[43,54],[69,23],[57,76],[99,89],[9,39],[69,25],[58,45],[55,-9],[46,31],[27,52],[61,-29],[29,34],[82,33],[14,-35],[80,21],[74,43],[53,-12],[24,52],[94,40],[15,-42],[48,-21]],[[3666,5666],[-57,3],[-56,-27],[-50,12],[-35,35],[-100,-34],[-86,38],[-128,138],[-140,101],[-117,26],[-7,59],[-40,8],[-27,69],[-95,3],[-46,50],[-67,39],[-80,15],[-31,-14],[-78,72],[-70,30]],[[2356,6289],[-53,44],[-75,12],[-63,61],[-68,21],[-48,54],[-65,20],[-23,61],[-46,5],[-42,-37],[-33,31],[-17,92],[-96,65]],[[1727,6718],[17,47],[59,81],[61,1],[56,42],[11,93],[-23,104],[13,71],[-16,35],[53,178],[121,121],[66,137],[52,37],[40,92],[46,76],[61,41],[174,38],[67,40]],[[2585,7952],[39,-77],[75,-92],[45,-87],[6,-91],[20,-84],[38,-9],[106,19],[29,17],[54,-21],[67,1],[18,29],[76,-8],[33,40],[87,-18],[84,-53],[-4,-115],[41,-49],[4,-54],[-33,-59],[-4,-59],[105,-47],[1,46],[33,62],[131,17],[40,-63],[-32,-133],[66,-4],[34,-46],[156,-33],[77,-138],[-63,-86],[-36,-74],[0,-48],[-49,-57],[18,-84],[55,-46],[83,15],[187,-62],[65,-41]],[[4237,6360],[10,-88],[-57,-100],[9,-60],[-14,-62],[-47,-57],[-10,-85],[-101,-53],[-100,-4],[-37,-44],[-20,-114],[-56,16],[-65,-9],[-83,-34]],[[9127,3766],[13,-27],[-14,-88],[-85,-59],[-57,-97],[-56,-30],[-5,-28],[-69,-134]],[[8854,3303],[-62,-30],[-2,-36],[-90,-81],[-47,-59],[-30,67],[-38,-16],[-65,73],[-32,-6],[-91,22],[-9,-43],[-39,-9],[-118,15],[-123,-59],[-37,15],[-45,-47],[-182,-72]],[[7844,3037],[-77,-27],[-92,69],[6,52],[-29,38],[59,23],[39,49],[-18,33],[-85,29],[-65,6],[-71,111]],[[7724,4449],[72,-5],[35,-70],[14,-62],[71,18],[90,-51],[110,-5],[51,65],[73,-14],[34,78],[95,61],[27,35]],[[8396,4499],[79,-13],[17,-76],[115,-45],[50,-57],[-23,-21],[51,-147],[-45,2],[-69,-29],[36,-76],[153,-53],[-35,-46],[-19,-62],[0,-79],[40,-44],[36,27],[78,-5],[84,41],[66,-4],[3,-88],[57,46],[57,-4]],[[7844,3037],[16,-31],[-13,-83],[39,-36],[-9,-43],[31,-56],[-83,-204],[-33,-36],[83,-209],[3,-76],[-131,-22],[-53,-135],[-33,7],[-27,-49],[7,-64]],[[7641,2000],[-57,-34],[-88,20],[-57,-20],[-22,-37],[-119,-49],[-44,36],[-82,22],[-28,-59],[-67,-39],[29,90],[-86,-1],[-57,-56],[-17,-72],[-118,-13],[-45,31],[-32,57],[-75,-62],[-45,5],[-36,-35],[-53,-3],[-11,-63],[-111,-72],[-79,-66],[-47,0],[-113,-78],[-42,47],[-39,-34],[-25,58],[-53,7],[-31,-42],[-77,-50],[-26,53],[-46,-44],[2,-43],[97,6],[30,-63],[-76,-101],[-47,10],[-35,-30],[-53,-5],[-43,-71],[-130,-91],[43,-48],[28,-85],[-100,-55]],[[5558,921],[-39,16],[-157,-14],[-62,31],[-131,-54],[-96,25],[-24,-37],[-96,4],[-44,48],[11,106],[-16,66],[47,32],[9,69],[45,141],[-12,19],[60,76],[-57,21],[-54,47],[-24,82],[-59,49],[19,133],[-94,49],[-27,61],[-36,31],[-45,90],[-25,108],[-58,7],[-39,52],[-27,77],[45,22],[17,53]],[[4589,2331],[67,3],[50,34],[72,-21],[35,39],[59,-27],[14,51],[111,63],[55,-13],[44,31],[42,-14],[133,40],[9,43],[61,43],[69,-4],[113,51],[48,-72],[46,41],[92,20],[20,22],[73,-10],[-20,108],[17,70],[-24,17],[-13,69],[25,49],[7,67],[-25,43],[71,22],[50,58],[81,29],[51,-18],[59,8],[48,-46],[42,45],[47,16],[136,-59],[45,55],[28,-17],[133,73],[70,11],[2,43],[74,47],[61,4],[47,-23],[39,122],[-16,41],[48,50],[35,69],[-19,36],[-44,-11],[-27,64],[23,103]],[[9457,2508],[24,0],[106,82],[-57,78],[-9,71],[-63,76],[-59,30],[-82,-53],[-78,44],[16,43],[-51,54],[-14,51],[-35,-10],[-136,166],[-36,85],[-84,72],[-45,6]],[[9127,3766],[55,12],[20,31],[109,64],[28,-68],[50,55],[105,-5],[-5,56],[77,55],[-27,79],[-82,-27],[-31,26],[100,102],[58,15],[-50,63],[12,37],[83,17],[-24,-95],[20,-24],[62,21],[54,54],[13,-84],[100,45],[19,63],[82,-100],[64,21],[37,33],[74,2],[27,56],[117,70],[46,65],[95,43],[110,-3],[39,31],[55,6],[48,42],[39,-8],[46,31],[51,-10],[40,-58],[16,-101],[87,-66],[1,-71],[77,-39],[49,27],[46,-53],[40,46],[96,20],[30,41],[81,-35],[96,-18],[79,-49],[30,-66],[-16,-38],[-69,-50],[-39,-53],[22,-40],[-35,-60],[-147,-47],[-54,13],[-57,-55],[-23,62],[-91,-67],[-68,4],[-41,-47],[-135,-51],[-28,-59],[-35,3],[-13,-107],[-21,-69],[10,-37],[-18,-77],[-65,-35],[-19,-67],[132,-116],[9,-124],[-77,11],[-88,57],[-51,-75],[-77,-44],[-63,-18],[2,-66],[-23,-45],[-59,-21],[-70,7],[-69,-64],[21,-56],[-41,-30],[-48,27],[-68,-19],[-35,-59],[-68,-4],[-27,-90],[42,-204],[-42,-36],[-44,21],[-50,-35],[-66,75],[-92,-11],[-21,36],[-60,1],[-199,32]],[[10061,2445],[69,-21],[58,-70],[-14,-96],[-58,-20],[62,-91],[4,-65],[-42,-23],[-41,78],[-171,-39],[-39,77],[124,130],[23,109],[25,31]],[[7456,5457],[-5,53]],[[7451,5510],[69,77],[-58,124],[12,58],[-56,-8],[-36,46],[47,44],[9,38],[88,27],[23,153],[73,48],[51,172],[59,-14],[83,94],[27,3]],[[7842,6372],[36,-120],[26,-22],[-21,-100],[103,-10],[52,15],[98,79],[71,-14],[62,-28],[87,46],[-2,-44],[61,-84],[32,27],[75,-35],[13,-64],[-18,-66],[28,-31],[-27,-56],[5,-45],[-38,-28],[-22,-78],[-74,5],[-6,-145],[-84,-113],[56,-69],[-33,-49],[38,-102],[38,-36],[-91,-64],[50,-88],[29,-26],[14,-67],[-75,-54],[-9,-61],[-37,-57],[-10,-92],[62,-107],[0,-53],[65,-37]],[[2585,7952],[52,48],[94,276],[35,66],[31,10],[62,64],[147,84],[62,12],[100,36],[68,82],[36,64],[102,33],[39,25],[67,-34],[83,-102],[139,-19],[39,16],[65,-18],[88,4],[64,-64],[58,-17],[73,4],[75,-35],[137,34],[191,-12],[108,42],[48,-14],[28,-58],[50,-44],[126,-14],[76,42],[62,-14],[2,-49],[-64,-28],[-14,-138],[12,-101],[45,-103],[7,-46],[44,-73],[54,-14],[81,70]],[[5692,6469],[69,-39],[44,-89]],[[5805,6341],[-45,-45],[-47,-127],[-46,-41],[-61,-12],[-97,58],[-32,-5],[-38,38],[-99,-72],[-18,-65],[-34,-41],[-46,-10],[-43,33],[-80,-100],[-8,-41],[-41,-64],[-69,-45],[36,-75]],[[5037,5727],[-66,10],[-62,77],[-21,92],[-65,39],[-43,-16],[-94,66],[-128,198],[-58,40],[-128,15],[-53,62],[-82,50]],[[7927,1898],[-63,20],[-37,68],[-47,-11],[-19,36],[-42,-33],[-78,22]],[[7606,7030],[-17,-46],[38,-62],