{"type":"Topology","transform":{"scale":[0.0006792572426185632,0.0005656515425176761],"translate":[-53.10786230670004,-25.2508705273529]},"arcs":[[[1966,7425],[70,-34],[40,-38],[18,-103],[38,-34],[48,41],[52,-5],[27,-68],[74,-22],[54,-59],[77,-24],[72,-67],[86,-13],[60,-48]],[[2682,6951],[-38,-86],[10,-46],[-20,-100],[15,-124],[-24,-115],[-44,-89],[47,-38],[77,-13],[-22,-79],[21,-59],[70,2],[-37,-72],[36,-82],[62,-8],[23,-49],[33,13],[48,-62],[33,15],[53,-16],[72,-55],[54,-8],[28,-36],[115,-34],[55,-38],[78,-29],[87,-13],[97,-45],[159,-92],[53,-87],[38,-28],[-57,-120],[-41,-23],[-10,-110],[-17,-15],[-75,17],[-36,-32],[-52,31],[-23,-134],[2,-52],[-85,-58],[-134,-25],[18,-66],[-38,-81],[23,-36],[-6,-119],[25,-61],[-87,-7],[-26,33],[-68,-104],[26,-53],[-65,-99]],[[3135,4364],[-40,-20],[-77,49],[-103,11],[-148,77],[-54,86],[-61,-12],[-99,29],[-42,-18],[-75,22],[-32,-42],[-49,-22],[-76,-9],[-82,61],[-69,9],[-54,-21],[-39,14],[-11,58],[-57,25],[-111,-32],[-39,8],[-98,107],[-107,45],[-57,5],[-56,32],[-56,2],[-31,-52],[-18,-71],[6,-98],[-97,-54],[-8,58],[-33,48],[-73,-35],[-118,15],[-78,35],[-96,-48],[-69,40],[-65,80],[-158,-107],[-174,53],[-64,-20],[-97,75],[-71,-8],[-86,-67],[-36,-43],[-53,-22],[-24,87],[50,83],[88,50],[23,48],[212,96],[83,107],[152,113],[56,19],[103,83],[146,70],[163,196],[56,104],[29,133],[65,101],[39,23],[87,102],[42,130],[84,44],[71,122],[9,60],[-28,80],[-44,40],[-6,36],[36,70],[31,21],[83,-23],[48,26],[58,81],[42,138],[46,43],[30,154],[-46,121],[1,88],[20,31],[62,7],[50,43],[25,91]],[[4173,6261],[21,-50],[156,-86],[60,-88],[52,-36],[142,-152],[26,7],[24,62],[73,57],[45,82],[25,80],[42,10],[72,-51],[-55,-155],[55,-65],[56,-23],[111,141],[71,-18],[66,69],[29,-44],[131,128],[56,-10],[20,-96],[-24,-36],[-124,-99],[-41,-66],[-24,-92],[-52,44],[-156,-82],[7,-44],[69,-24],[32,-78],[98,-64],[35,-3],[57,-147],[42,-13],[35,-50],[12,-68],[-53,-48],[-46,-84],[-89,-15],[-70,-90],[-20,-63],[15,-101],[69,-70],[78,111],[26,-52],[51,-45],[15,-58],[38,-37],[81,-21],[35,-58],[-46,-73],[-21,-99],[25,-101],[-14,-66],[24,-56],[78,8],[24,-79],[-38,-72],[-74,-25],[-23,-117],[-85,-9],[0,-98],[-22,-44],[-85,-12],[-61,20],[24,-88],[26,-44],[-40,-67],[8,-30],[-123,-37]],[[5124,3481],[-39,123],[-35,66],[-74,56],[3,60],[-38,20],[-55,-9],[-66,66],[-49,-10],[-65,36],[14,91],[-78,37],[-28,39],[18,45],[-36,59],[-42,-24],[-56,11],[-28,-41],[-65,-20],[-55,7],[-47,-32],[-86,5],[-47,34],[-95,-29],[-58,75],[-55,-13],[-13,-55],[-84,13],[-42,-14],[-43,58],[-60,12],[-34,-32],[-87,49],[-28,-19],[-41,-83],[-29,-16],[-43,26],[-69,13],[12,91],[-52,52],[-14,49],[-78,66],[-74,-17],[-48,38]],[[2682,6951],[79,-34],[89,-80],[35,16],[92,-17],[76,-43],[52,-55],[74,-14],[35,11],[30,-77],[46,-8],[7,-65],[134,-30],[31,-50],[32,-1],[96,-60],[145,-152],[99,-42],[113,37],[40,-39],[58,-13],[63,30],[65,-4]],[[5870,8805],[46,103],[32,101],[51,9],[69,-37],[21,-65],[9,-127],[4,-219],[93,-67],[31,20],[17,56],[-16,74],[4,67],[-17,76],[49,107],[-3,61],[49,33],[61,-4],[73,26],[36,-19],[102,-9],[65,52],[57,10],[94,-14],[125,43],[46,-17],[87,17],[74,-53],[69,28],[-51,88],[36,88],[31,-20],[43,-100],[45,-50],[62,-39],[43,-4],[83,44],[65,156],[44,-44],[22,-88],[47,-27],[36,48],[20,94],[-21,47],[23,45],[80,14],[106,-5],[31,18],[54,-43],[8,-36],[45,-44],[66,38],[16,52],[178,54],[57,-87],[-23,-59],[47,-56],[54,-10],[19,-32],[72,-36],[20,-38],[51,-25],[16,-70],[29,-35],[-12,-43],[-69,-128],[-18,-57],[19,-101],[-8,-80],[116,-87],[84,-35],[46,-164],[38,-55],[-5,-70],[-38,-46],[-62,10],[-29,-118],[-53,-54],[15,-47],[-37,-102],[43,-69],[98,-103],[-19,-64],[26,-89],[36,-63],[-27,-51],[14,-61],[70,-129],[47,-47]],[[8927,7042],[-31,-3],[-63,-82],[-32,-23],[-41,47],[-26,-30],[-42,-114],[-16,-77],[-83,-53],[-27,-170],[-100,-29],[-10,-42],[-53,-49],[41,-51],[64,10],[-14,-65],[66,-137],[-59,-49],[-14,-95]],[[8487,6030],[-65,-18],[-25,-50],[-2,-64],[-97,-1],[-93,-70],[-15,-46],[-56,-19],[12,-40],[-40,-67],[-35,17],[-48,-16],[-26,67],[-100,-72],[-12,-62],[-52,-41],[-32,-63],[-134,-16]],[[7667,5469],[-30,14],[-40,68],[-67,-9],[-49,69],[-32,-2],[6,-90],[-94,-91],[-40,-5],[-93,62],[-26,-19],[-59,8],[-1,-40],[-96,-30],[-60,52],[-37,10],[-21,97],[-65,59],[-17,40],[-67,51],[-61,-27],[-29,53],[-34,7],[-124,95],[-28,61],[-53,38],[-156,-7],[-66,-46],[-42,93],[-87,33],[-36,39],[38,69],[-14,53],[-98,-27],[-96,41],[-49,75],[-38,108],[-62,-13],[-10,-29]],[[5734,6329],[-42,83],[80,49],[46,71],[8,46],[92,111],[49,-38],[52,11],[39,46],[20,71],[114,80],[43,-41],[36,5],[110,-64],[69,13],[53,46],[54,140],[49,52],[-49,96],[-61,18],[-49,92],[75,40],[55,13],[63,-7],[46,113],[-50,51],[-149,83],[-62,80],[-145,80],[-61,0],[-38,55],[-47,-4],[-63,63],[-56,-5],[-64,69],[-40,2],[-18,56],[9,56],[-29,14],[-16,113],[11,140],[-54,40],[-11,34],[-54,42],[-8,114],[47,-14],[77,29],[15,51],[48,37],[8,92],[-21,32],[-5,86],[-40,34]],[[1966,7425],[19,51],[67,89],[70,2],[63,46],[13,103],[-20,31],[-7,83],[16,79],[-19,39],[16,75],[44,122],[25,33],[114,100],[11,39],[64,112],[59,41],[46,103],[52,83],[69,46],[199,41],[41,17],[93,81],[107,305],[41,72],[34,12],[72,70],[167,94],[71,12],[114,41],[38,64],[39,26],[41,70],[116,37],[43,28],[77,-38],[95,-112],[68,-17],[90,-4],[44,18],[74,-20],[100,4],[74,-71],[65,-19],[84,4],[85,-37],[156,36],[103,-12],[115,-1],[41,27],[81,19],[55,-15],[31,-63],[57,-49],[144,-16],[87,47],[70,-16],[2,-53],[-72,-32],[-17,-153],[14,-111],[52,-114],[7,-51],[50,-80],[61,-16],[93,78]],[[5734,6329],[-76,11],[-70,85],[-24,102],[-74,42],[-49,-16],[-107,72],[-145,219],[-67,44],[-74,3],[-43,33],[-29,-19],[-36,86],[-71,5],[-100,-175],[11,-67],[-17,-68],[-30,-4],[-23,-59],[-11,-94],[-115,-59],[-50,3],[-25,-33],[-39,26],[-42,-48],[-22,-127],[-65,18],[-20,-23],[-54,13],[-94,-38]],[[9655,4917],[-53,-41],[-43,-91],[20,-154],[-25,-8],[-20,-68],[28,-139],[-71,-28],[-61,-2],[-28,-24],[-12,-59],[-38,-13],[-17,-50],[-46,32],[-29,-19],[-61,6],[13,-62],[-57,-58],[20,-49],[-74,-66],[22,-114],[-46,-49],[-40,4],[-51,-69],[-57,90],[-67,-5],[2,-62],[-84,-18],[9,-57],[36,-82],[-4,-81]],[[8821,3581],[-19,38],[-98,31],[-73,6],[-35,66],[-54,19],[7,39]],[[8549,3780],[34,74],[-37,75],[-21,-3],[-131,115],[27,19],[-14,91],[-45,6],[-55,73],[-80,7],[-8,49],[47,129],[78,68],[67,15],[51,32],[36,-43],[36,45],[28,-10],[56,120],[39,40],[-8,36],[31,78],[-31,20],[-21,58],[53,111],[33,-3],[52,-87],[34,25],[60,145],[19,101],[-34,63],[-51,-13],[-73,46],[-37,-10],[-31,41],[-7,79],[46,23],[19,45],[-4,109],[-59,98],[47,40],[-20,99],[-51,22],[-47,79],[6,68],[-48,17],[-48,58]],[[8927,7042],[41,-132],[29,-25],[-29,-71],[5,-40],[118,-10],[58,16],[75,47],[37,40],[81,-15],[70,-31],[99,50],[-2,-49],[69,-92],[37,30],[28,-28],[57,-11],[15,-71],[-21,-72],[33,-35],[-31,-61],[5,-50],[-43,-32],[-25,-85],[-84,6],[-14,-117],[8,-44],[-96,-125],[36,-21],[28,-56],[-39,-54],[44,-112],[43,-40],[-104,-71],[57,-96],[33,-30],[17,-74],[-41,-13],[-44,-47],[-11,-66],[-43,-64],[-11,-102],[71,-117],[0,-59],[51,-36],[113,-19],[8,-41]],[[8549,3780],[-75,-35],[-67,-51],[-38,10],[17,64],[-22,25],[-57,-8],[-53,28],[-90,5],[-67,-13],[-31,97],[-46,22],[0,60],[-60,139],[-66,-25],[-26,51],[-67,46]],[[7801,4195],[-53,-42],[-35,5],[3,68],[-74,-42],[-104,-7],[-65,110],[0,189],[-59,-31],[-39,85],[13,38],[-10,77],[-88,-25],[-85,40],[-50,64],[-18,68],[30,35],[60,21],[38,57],[102,-58],[62,-6],[98,33],[1,29],[105,91],[-46,49],[7,137],[34,27],[31,132],[34,53],[-26,77]],[[10697,2639],[69,75],[-2,58]],[[10764,2772],[28,0],[121,91],[-65,85],[-11,79],[-71,84],[-67,33],[-94,-58],[-89,48],[19,47],[-58,60],[-17,57],[-39,-11],[-57,77],[-46,39],[-29,72],[-23,-5],[-41,94],[-96,80],[-51,6]],[[10078,3650],[79,148],[5,31],[64,33],[4,28],[61,80],[97,65],[16,97],[-14,29]],[[10390,4161],[62,14],[22,34],[124,71],[32,-75],[33,6],[25,55],[66,7],[53,-12],[-6,61],[87,61],[-30,88],[-93,-30],[-36,28],[114,113],[66,16],[-57,70],[14,41],[94,18],[5,-39],[-31,-66],[22,-26],[70,23],[62,60],[24,-41],[-9,-52],[114,50],[22,70],[56,-52],[33,-7],[4,-52],[73,23],[41,37],[84,1],[32,63],[132,77],[7,37],[46,35],[108,47],[126,-2],[44,34],[62,6],[55,46],[44,-9],[53,35],[58,